"","gene","baseMean","log2FoldChange","lfcSE","stat","pvalue","padj"
"1","isogroup07701_Past",966.899758107692,2.5968189785411,0.526213817968945,4.93491217802713,8.01868330092603e-07,0.00650716149870147
"2","isogroup04988_Past",8.98982544504481,1.9721852595452,0.523315264164203,3.76863698538398,0.000164141397564703,0.449860488878741
"3","isogroup06150_Past",4.87763447985566,-2.75010389982379,0.739065977116044,-3.72105330914452,0.000198393548183568,0.449860488878741
"4","isogroup12584_Past",3.84817066049953,1.90923039263206,0.522379850800276,3.65486989918764,0.000257312429082916,0.449860488878741
"5","isogroup10149_Past",5.4585939048959,1.26401246906055,0.355622534302773,3.55436550593946,0.00037889224597482,0.449860488878741
"6","isogroup04577_Past",4.46394712263569,1.3537775681169,0.386858049786706,3.49941682450011,0.000466277051832726,0.449860488878741
"7","isogroup21875_Past",16.6219697640366,1.76075996889713,0.511370163269463,3.44321999085681,0.000574831511123072,0.449860488878741
"8","GCKDGN102C5F2F_Past",7.39368065869124,1.47343182665969,0.432395118389819,3.40760513704815,0.000655356557506373,0.449860488878741
"9","isogroup09807_Past",13.296561989069,4.8485612340119,1.42648272999784,3.39896244942219,0.000676420025714613,0.449860488878741
"10","isogroup09905_Past",17.1730613020388,1.56252750574419,0.460299444586973,3.39458916172764,0.000687316556331733,0.449860488878741
"11","isogroup06646_Past",8.73175063725502,1.03184391010136,0.307193865954677,3.35893396469576,0.000782437620898367,0.449860488878741
"12","isogroup01538_Past",14.2659837989902,1.51267184386931,0.450542656302735,3.35744423465398,0.000786666101723852,0.449860488878741
"13","isogroup04208_Past",7.08121791664027,1.57804797956776,0.472360037080091,3.34077368043773,0.000835452949397369,0.449860488878741
"14","isogroup10567_Past",9.72576454934604,1.06478241851193,0.319475780021109,3.33290498090834,0.000859442887986135,0.449860488878741
"15","isogroup18052_Past",3.63899343850546,1.66389762911818,0.500484009903696,3.32457700184737,0.00088552776130352,0.449860488878741
"16","isogroup05168_Past",9.27556680596499,0.981734999476391,0.295336547222123,3.32412296652885,0.000886970772897087,0.449860488878741
"17","isogroup08375_Past",4.30148677510512,-1.45418573465534,0.446843210386276,-3.25435343058756,0.00113650789243856,0.542515385125819
"18","isogroup05841_Past",3.52179309004809,1.9355484599897,0.605168768833702,3.19836144836083,0.00138210929438226,0.60513800279723
"19","isogroup01695_Past",33.8871361220851,0.895544834633667,0.282158407901247,3.1739080231382,0.00150401342739984,0.60513800279723
"20","isogroup06621_Past",6.12603074870138,1.5131745799032,0.479509771782835,3.15566995491492,0.00160129944492691,0.60513800279723
"21","isogroup01440_Past",23.345945562255,-0.963026634283632,0.306769018315639,-3.13925649849282,0.00169377117985168,0.60513800279723
"22","isogroup13571_Past",6.66181745309905,-1.46642227718395,0.469996002522708,-3.12007393533757,0.00180805651663216,0.60513800279723
"23","isogroup04322_Past",12.8026806674689,2.58476379318695,0.830945690324681,3.11062903783397,0.00186689308012719,0.60513800279723
"24","isogroup24494_Past",3.96647683366197,-1.49731655819474,0.482401166838975,-3.10388253827451,0.00190999143647707,0.60513800279723
"25","isogroup01734_Past",13.8438163823817,0.868046979555179,0.279827012082731,3.10208429520214,0.00192163230626969,0.60513800279723
"26","isogroup05375_Past",3.95798231728586,1.31975498564664,0.425803482369827,3.09944620063107,0.00193882785862329,0.60513800279723
"27","isogroup02390_Past",7.45346467090442,0.989443027616185,0.321376411840139,3.07876680167915,0.00207859316447986,0.614350881634145
"28","isogroup18549_Past",3.69434989292647,-1.49009191201912,0.484910818509774,-3.07291950424712,0.00211975658481282,0.614350881634145
"29","isogroup03010_Past",16.004943690258,-0.916449934263383,0.300013752548704,-3.05469308149334,0.00225290945286675,0.6172683885366
"30","GCKDGN103G1276_Past",2.44441700427513,-1.77026403381337,0.580360895111661,-3.05028138305695,0.0022862705768118,0.6172683885366
"31","isogroup23048_Past",4.85572666573673,1.53799662238474,0.506352211718477,3.03740476844178,0.00238624791435158,0.6172683885366
"32","isogroup15428_Past",6.5585111392478,0.994303135033475,0.327999395569211,3.03141758327926,0.00243408360236244,0.6172683885366
"33","isogroup21360_Past",4.24517342870918,1.31180763462053,0.440108677771978,2.98064478360543,0.00287642230149199,0.697477878779643
"34","isogroup02889_Past",4.47451653086439,1.65779999902433,0.557321484721643,2.97458476744769,0.00293385383710905,0.697477878779643
"35","isogroup04765_Past",3.00684277533482,1.3544781067282,0.456530292973124,2.96689645260395,0.00300822252092268,0.697477878779643
"36","isogroup11244_Past",4.82243602993202,1.28338538717855,0.434032604516456,2.9568870490924,0.0031076193292729,0.700509190473599
"37","isogroup01864_Past",9.00528245141065,0.947973973525221,0.325031443824746,2.91656081753235,0.00353913717929036,0.7429181210809
"38","isogroup04134_Past",9.53112386836816,-1.084503475512,0.372406557647228,-2.91214924453433,0.00358951085313177,0.7429181210809
"39","GCKDGN102DG9VN_Past",2.96909961272693,2.44987034920035,0.844000009128681,2.90268995580879,0.00369972712462285,0.7429181210809
"40","isogroup10706_Past",2.83368883678673,-1.41831997327513,0.490994768674958,-2.88866616054328,0.00386879567918069,0.7429181210809
"41","isogroup00088_Past",9.48636737501687,0.938287219799232,0.325864814883411,2.87937567035255,0.00398463374591224,0.7429181210809
"42","isogroup04963_Past",3.60829213521385,-1.32058670330926,0.458648773571024,-2.8792984510287,0.00398560960940074,0.7429181210809
"43","isogroup12760_Past",13.0087679761434,0.806614497321029,0.280309829498348,2.87758191985124,0.00400735846994367,0.7429181210809
"44","isogroup22983_Past",3.8234003875245,-1.29328629302726,0.450413680055625,-2.87132995797895,0.00408748624877592,0.7429181210809
"45","isogroup04800_Past",17.2485640401088,0.797471399943445,0.278084218740902,2.86773339225866,0.00413423750991754,0.7429181210809
"46","isogroup03817_Past",6.50598320569124,0.887150654877673,0.311158816148922,2.85111849266414,0.00435657311308086,0.7429181210809
"47","isogroup07282_Past",9.47082921339984,0.895307547102699,0.314893897976596,2.84320386281109,0.00446624927213833,0.7429181210809
"48","isogroup11922_Past",8.98953998052283,-2.42145053373957,0.852094254852072,-2.84176371328773,0.00448647295707886,0.7429181210809
"49","GCKDGN103G1JGN_Past",3.77719391239385,-1.45785235405211,0.514879875258896,-2.83144170923181,0.00463386789972174,0.7429181210809
"50","isogroup04262_Past",2.5387766850451,1.40608281419173,0.499980815340833,2.8122735334019,0.00491926504288658,0.7429181210809
"51","GCKDGN102EMBL6_Past",267.017004502731,1.5243559105989,0.542193263544618,2.81146228308581,0.00493168723957252,0.7429181210809
"52","isogroup02187_Past",26.6252498408952,0.840299285609974,0.299170913523443,2.80875996838553,0.00497327111397079,0.7429181210809
"53","isogroup05470_Past",4.09343411624517,-1.44111272914935,0.513301984735578,-2.80753391181942,0.00499224232676666,0.7429181210809
"54","isogroup01776_Past",14.537509674299,-0.693571692626187,0.247465241972236,-2.80270347099493,0.005067623903084,0.7429181210809
"55","isogroup07751_Past",4.68148253114156,1.47270606358234,0.52616079660938,2.79896577828028,0.00512665705087775,0.7429181210809
"56","isogroup07048_Past",10.4991056583161,0.826600282854639,0.295918788879722,2.79333490781018,0.00521676501987152,0.7429181210809
"57","isogroup02164_Past",13.2073374748874,1.68502826762839,0.603252004016995,2.79324106079707,0.00521827885417268,0.7429181210809
"58","isogroup27843_Past",4.95896743447299,2.33358786411997,0.837181829183115,2.78743252991645,0.00531275160374813,0.743327228696829
"59","isogroup02171_Past",30.2661952283784,0.66502774890421,0.240152875325451,2.76918503683529,0.00561967095028879,0.763026371314442
"60","isogroup16895_Past",5.38231279990114,-1.00468329387196,0.362974635504905,-2.76791597978856,0.00564159978790715,0.763026371314442
"61","isogroup05997_Past",5.89350771507091,1.45821469832603,0.529882713655609,2.75195748180941,0.00592402117602276,0.76922466502564
"62","isogroup03304_Past",4.14146504635096,-1.55808365979243,0.568977422036321,-2.73839277174862,0.00617402903878376,0.76922466502564
"63","isogroup05037_Past",108.170262578363,-0.747943120944661,0.273140842609039,-2.73830568068955,0.0061756644342236,0.76922466502564
"64","isogroup02153_Past",4.18191006827372,-1.22762041673841,0.448639496717541,-2.73631819249144,0.00621309165640088,0.76922466502564
"65","isogroup11375_Past",2.67572506071828,-1.34553677208535,0.492083955202611,-2.73436424386432,0.0062500862369294,0.76922466502564
"66","isogroup01770_Past",21.5872747924874,0.960966291957563,0.351481666402207,2.73404386007978,0.00625617102793497,0.76922466502564
"67","isogroup02699_Past",4.2983259797327,1.13302870193454,0.41520733747649,2.7288262987373,0.00635601738499938,0.76983703103388
"68","GCKDGN103FVR0I_Past",195.199420647634,2.01704355627676,0.741552205412134,2.7200290708538,0.00652761772873535,0.778994380421873
"69","isogroup01749_Past",14.2481284695246,1.29351208360404,0.47646491148286,2.71481079179233,0.00663136452655919,0.779906132362723
"70","isogroup08900_Past",26.6636425144623,-0.590367041375372,0.218086296898027,-2.70703409509225,0.00678872848630016,0.787007595233225
"71","isogroup08043_Past",9.6898005960599,0.691559778894489,0.256160154027434,2.69971643919461,0.00693985980628317,0.792205618384907
"72","isogroup02939_Past",4.50356467129781,-1.28900105328767,0.478209040592841,-2.69547612836781,0.00702881140156664,0.792205618384907
"73","isogroup03017_Past",4.16056630497417,1.41535173968741,0.525987427224678,2.69084709335237,0.00712708527468121,0.792278041151205
"74","isogroup02135_Past",16.548567947429,1.06887210014381,0.401333393678572,2.66330217465001,0.0077377894295807,0.805932498494399
"75","isogroup08253_Past",8.06819634183031,1.07004726663348,0.402930723527546,2.65566064872272,0.00791532221955213,0.805932498494399
"76","isogroup05000_Past",14.9229966268147,-0.760849807156321,0.286696331925327,-2.65385260441523,0.00795785793748674,0.805932498494399
"77","isogroup14651_Past",2.69339584276398,-1.38007645929378,0.520228326197946,-2.65282836361482,0.00798204476056389,0.805932498494399
"78","isogroup15236_Past",3.46156518339828,-1.44331178676669,0.544916173281221,-2.64868590351387,0.00808053932697788,0.805932498494399
"79","isogroup00231_Past",3.4275224301973,1.01961640783023,0.385560855441776,2.64450188197129,0.00818112517430043,0.805932498494399
"80","isogroup07873_Past",4.96319160595789,1.36706835608516,0.516993206951697,2.64426754104891,0.00818679183724251,0.805932498494399
"81","isogroup01433_Past",23.2954036687755,-0.715527304302684,0.271318086526503,-2.63722670855851,0.00835869477308733,0.805932498494399
"82","isogroup00802_Past",8.51204467328712,-0.839655346341141,0.318547019369928,-2.63589139211518,0.00839165860162897,0.805932498494399
"83","isogroup02579_Past",72.3807750829337,1.2568840699242,0.476843184671241,2.63584362811175,0.00839283986222745,0.805932498494399
"84","isogroup14762_Past",3.47020176190586,1.48979539194359,0.565372283138473,2.63506973435892,0.00841199991315041,0.805932498494399
"85","isogroup26555_Past",8.81333724300452,1.4864256768913,0.567177028736749,2.62074379176103,0.00877381725803925,0.805932498494399
"86","isogroup01665_Past",8.68905800910829,0.876445100771189,0.334452973184553,2.62053314230088,0.00877923961777546,0.805932498494399
"87","isogroup15901_Past",4.92643675257211,-1.1304026544926,0.43200565013061,-2.61663858829357,0.00888003079555124,0.805932498494399
"88","isogroup02941_Past",7.16662793549941,1.56814520337583,0.599465868110913,2.61590406859611,0.00889915563069024,0.805932498494399
"89","isogroup16855_Past",3.71363642379835,1.18520707784935,0.45339202564178,2.61408893588651,0.00894657448679514,0.805932498494399
"90","isogroup15216_Past",4.50168461254118,1.83639603041367,0.703741772823955,2.60947424371959,0.0090681472209012,0.805932498494399
"91","isogroup10452_Past",3.26293212166942,1.03840494235294,0.398037423022721,2.60881234349078,0.00908570521276128,0.805932498494399
"92","isogroup07361_Past",4.35130855347047,-1.01083345163093,0.388314107706909,-2.60313347253889,0.00923759827665459,0.805932498494399
"93","isogroup15124_Past",33.2594061107199,0.587770568123406,0.225884686778956,2.60208240100215,0.00926595857753164,0.805932498494399
"94","isogroup01593_Past",8.06239874380986,1.52037753039781,0.585437241503735,2.59699489990185,0.00940433204351395,0.805932498494399
"95","isogroup00696_Past",6.40323789648196,1.14453226173968,0.442919113911066,2.58406608744705,0.00976430824612117,0.805932498494399
"96","GCKDGN102DABSS_Past",5.75592655899628,0.892934054790669,0.345801188556827,2.58221800369529,0.00981675521865654,0.805932498494399
"97","isogroup02822_Past",7.07805171889356,0.979829674226708,0.379784069275183,2.57996517888891,0.00988102779987159,0.805932498494399
"98","isogroup06458_Past",6.68916805733992,-0.937672183223103,0.363706083374171,-2.57810420580304,0.00993440343042084,0.805932498494399
"99","isogroup03993_Past",4.85060321621709,-1.03803628213257,0.403290556774802,-2.57391665808881,0.010055449167059,0.805932498494399
"100","isogroup04805_Past",6.78926560561265,-1.32165752163449,0.514755629926481,-2.56754359699427,0.0102421909133396,0.805932498494399
"101","isogroup04643_Past",8.31448916566235,1.16699116724869,0.45467706183004,2.56663743394408,0.010268992235972,0.805932498494399
"102","isogroup11789_Past",3.74025782524866,-1.17423197275513,0.45789207890431,-2.56442953886634,0.0103345560306594,0.805932498494399
"103","isogroup01443_Past",39.8393023571438,0.707796545570128,0.276381711701182,2.56093842538822,0.0104389856025467,0.805932498494399
"104","isogroup04910_Past",4.34436520018284,-1.05790702390155,0.413450273081454,-2.55872856490564,0.0105055733559796,0.805932498494399
"105","isogroup06387_Past",8.86283520931096,0.777404000683623,0.304855883221231,2.55007052010694,0.0107701131248183,0.805932498494399
"106","GCKDGN102EDNLS_Past",4.00166205988652,-1.33698078769726,0.525039707178347,-2.54643747780987,0.0108828704699566,0.805932498494399
"107","isogroup00066_Past",3.44915767640913,1.22700000672743,0.482180625796278,2.54468956462352,0.010937492671135,0.805932498494399
"108","isogroup08822_Past",3.14335991240979,-1.3232278388379,0.52000587368942,-2.54464017771503,0.0109390395424328,0.805932498494399
"109","isogroup13577_Past",2.6648482915551,-1.29500053428943,0.509098120438406,-2.54371501740029,0.0109680528920098,0.805932498494399
"110","isogroup04003_Past",47.6594749008541,0.576200263318523,0.226703830271261,2.54164326482298,0.0110332719157274,0.805932498494399
"111","isogroup06779_Past",6.41018777607845,1.3213662308666,0.520407914810351,2.5390971068304,0.0111138970638542,0.805932498494399
"112","GE912504_Past",8.18727132360219,1.31104850158732,0.516981639443337,2.53596724053682,0.0112137223646415,0.805932498494399
"113","isogroup10822_Past",2.93858754899522,1.27440796963017,0.503950321580644,2.52883650442564,0.0114441323444987,0.805932498494399
"114","isogroup09922_Past",7.16304820434988,-1.33576567344817,0.528531064559927,-2.52731724399278,0.0114937626558477,0.805932498494399
"115","isogroup19526_Past",2.59265909342349,1.23103430466308,0.487834192058149,2.52346867994103,0.0116203411400262,0.805932498494399
"116","isogroup04839_Past",3.4670073316175,1.11124237782809,0.440791057660693,2.52101842475101,0.0117015724835968,0.805932498494399
"117","isogroup04104_Past",6.12431925421544,-0.928976298826062,0.368783787007939,-2.51902695170833,0.0117679648591091,0.805932498494399
"118","isogroup06973_Past",4.50564600265791,0.978090669671078,0.388294135257122,2.51894267994391,0.0117707816922803,0.805932498494399
"119","isogroup07077_Past",4.65871707640259,0.895592789148349,0.355743770981015,2.51752205436689,0.0118183570327583,0.805932498494399
"120","isogroup02859_Past",13.4110940680424,1.01587843895418,0.404123354184044,2.51378305271496,0.0119443885210687,0.806894563815326
"121","isogroup03937_Past",5.48307288265128,1.02832556428197,0.409524055282463,2.51102603380087,0.0120380818796092,0.806894563815326
"122","isogroup00421_Past",8.92064594901874,0.827507007121996,0.329905212261805,2.50831746927753,0.0121307623888441,0.806894563815326
"123","isogroup07572_Past",7.51740551781546,0.984651319584625,0.39360179180524,2.50164338700939,0.0123618373004567,0.814666392976998
"124","isogroup00954_Past",30.3824753067264,1.31667370343657,0.5268439480935,2.49917211387023,0.0124483835772209,0.814666392976998
"125","isogroup00359_Past",22.3175340538962,0.587470245554271,0.236868936152157,2.48014895957864,0.0131327506276161,0.823785711203246
"126","isogroup07120_Past",2.82696046492799,-1.21341660764195,0.489559903305442,-2.47858658245728,0.0131904092981575,0.823785711203246
"127","isogroup03054_Past",11.4431332723707,1.17820310382924,0.476417857732282,2.47304563568924,0.0133967034699197,0.823785711203246
"128","GCKDGN101BQ3A9_Past",2.76216509907421,1.32719497697501,0.537219930884695,2.47048722631973,0.0134929137679908,0.823785711203246
"129","isogroup04623_Past",2.53981684176803,1.07141538917856,0.433862637849366,2.46948065057989,0.0135309336041435,0.823785711203246
"130","isogroup11682_Past",5.07754924734851,-0.947567787779419,0.384292169288495,-2.46574836415171,0.0136727349678181,0.823785711203246
"131","GCKDGN102ELJT1_Past",342.28016153638,1.02049301923662,0.413975290856721,2.46510611086163,0.0136972681300217,0.823785711203246
"132","isogroup02190_Past",99.6601925893708,-1.84440027677141,0.749281317075981,-2.46155914305866,0.0138334587968656,0.823785711203246
"133","isogroup11662_Past",11.3950880356306,1.35076462922969,0.54963261536315,2.45757728248571,0.0139877711100153,0.823785711203246
"134","isogroup01689_Past",4.70494596753035,0.954626315610475,0.388624243441569,2.45642502165207,0.0140327081693426,0.823785711203246
"135","GCKDGN101A67QA_Past",10.2342402628234,-1.400035805799,0.570894504983531,-2.45235467074497,0.0141924696328414,0.823785711203246
"136","GCKDGN102ED2D3_Past",4.21929766445497,-1.00816355867393,0.41149742468863,-2.44998752892995,0.0142861162641744,0.823785711203246
"137","isogroup02768_Past",7.86454354771851,-0.734870036807114,0.300166181361147,-2.44821063277262,0.0143567698978835,0.823785711203246
"138","GCKDGN102EL1F5_Past",7.00874530835275,1.03677580596543,0.423682649647968,2.44705750123796,0.0144027859021595,0.823785711203246
"139","isogroup05058_Past",3.10856679739375,-1.27676481425919,0.522029958573689,-2.44576923850811,0.0144543481447852,0.823785711203246
"140","isogroup08226_Past",6.09750820351147,0.882358754076394,0.360802586524115,2.44554442521276,0.014463362877863,0.823785711203246
"141","isogroup01339_Past",6.09248059827454,0.765405377221019,0.313096598897753,2.44463012346862,0.0145000763429537,0.823785711203246
"142","isogroup05228_Past",5.64063266245563,0.877898835898505,0.359502824229192,2.44198035934989,0.014606941278568,0.823785711203246
"143","isogroup11394_Past",2.47471543299568,1.14459345474078,0.46873935353926,2.44185483061839,0.0146120210311137,0.823785711203246
"144","isogroup01687_Past",9.82507349246209,-0.965583171136974,0.395871624089764,-2.43913206296905,0.0147225867634007,0.823785711203246
"145","isogroup11631_Past",39.6156851617612,0.755932484407124,0.310209988668956,2.43684121085419,0.0148161838668929,0.823785711203246
"146","isogroup05714_Past",33.2015048561634,0.813570170224655,0.333878838024339,2.43672277955319,0.0148210368250984,0.823785711203246
"147","isogroup08530_Past",4.06207386057995,-1.04379394619374,0.430248878553542,-2.42602363009727,0.015265276297928,0.827410268440049
"148","isogroup00840_Past",3.63364488977584,0.934142648914549,0.386580839733067,2.41642252512973,0.0156738613909409,0.827410268440049
"149","GCKDGN103FSE3U_Past",3.06773214293246,-1.35714744354161,0.561698775384983,-2.41614812603326,0.0156856788128821,0.827410268440049
"150","isogroup07870_Past",5.16835026289437,-0.963947743727943,0.400241844459948,-2.40841320584211,0.0160220354779459,0.827410268440049
"151","isogroup08839_Past",4.84784360116159,1.04649070971533,0.434594248106852,2.40797183642897,0.016041418456236,0.827410268440049
"152","isogroup03856_Past",8.30730719818177,-1.0416160836629,0.433263593444123,-2.40411633800761,0.0162116131618059,0.827410268440049
"153","isogroup03657_Past",8.64755069656235,0.728949796111452,0.303878545279682,2.39881955285967,0.0164480179200279,0.827410268440049
"154","isogroup03198_Past",9.2788032599384,0.67567312785316,0.282013505101537,2.39588925931007,0.0165800987596096,0.827410268440049
"155","isogroup28340_Past",4.39289330034767,-0.789033657693161,0.329859486675443,-2.39202960522857,0.0167554907728773,0.827410268440049
"156","isogroup13785_Past",11.2460955138146,1.30056283722198,0.543763280525624,2.39178128387928,0.0167668306617916,0.827410268440049
"157","isogroup03797_Past",7.95998200108257,0.681104673081681,0.284921007163195,2.39050352890113,0.0168252874523348,0.827410268440049
"158","isogroup06233_Past",18.3475003150296,0.572910891087342,0.239840376900304,2.38871743987247,0.0169073001223878,0.827410268440049
"159","isogroup25490_Past",2.83440965612806,1.16130956106941,0.486441395167175,2.38735759868937,0.0169699756215134,0.827410268440049
"160","isogroup03658_Past",3.94171380779475,-1.11984309266021,0.469171470396994,-2.38685249065261,0.016993308087734,0.827410268440049
"161","isogroup12897_Past",84046.9025191709,-0.802374205305182,0.336191573393052,-2.38665769402584,0.0170023138515294,0.827410268440049
"162","isogroup11222_Past",4.49460126415871,-0.91107270549595,0.38335469906794,-2.37657894297647,0.0174740218489912,0.827410268440049
"163","GCKDGN101B3O3I_Past",4.22645660765419,-0.961654599526418,0.404768794991549,-2.37581209674648,0.0175103772394336,0.827410268440049
"164","isogroup14859_Past",7.71185443656291,-0.986475101532435,0.415330577545156,-2.37515645335596,0.017541513185977,0.827410268440049
"165","GCKDGN103GP5A4_Past",2.86022925132109,0.97409523825692,0.41036721862788,2.37371601346214,0.0176100889489445,0.827410268440049
"166","isogroup05739_Past",9.22379086371117,0.955971705519128,0.402977928835643,2.3722681494773,0.017679254849727,0.827410268440049
"167","isogroup02969_Past",6.45059446048657,0.959450374005554,0.404727697495775,2.37060715128242,0.0177588955233013,0.827410268440049
"168","isogroup00196_Past",10.9237104237849,-0.882582235985434,0.372510468893535,-2.36928169725528,0.0178226730600618,0.827410268440049
"169","GCKDGN101BKDXG_Past",3.17876238769746,-0.971639473607959,0.411482821761405,-2.36131236159199,0.0182103848293185,0.827410268440049
"170","isogroup00593_Past",6.91202393912245,1.1259208215911,0.477951004754666,2.35572435331324,0.0184866298876611,0.827410268440049
"171","isogroup19842_Past",2.9161835242805,0.965508472773228,0.410079690577516,2.35444108781272,0.0185505839423101,0.827410268440049
"172","isogroup06595_Past",20.1055525159829,0.626103285008434,0.265978107530041,2.35396548544026,0.0185743356465635,0.827410268440049
"173","isogroup07446_Past",3.20087190963896,-1.30232627006024,0.554560739590048,-2.34839247910512,0.0188546420010059,0.827410268440049
"174","isogroup05156_Past",4.87077017546076,-1.15953230628456,0.493761884714998,-2.34836333499871,0.0188561175379614,0.827410268440049
"175","isogroup01726_Past",26.6050851268626,-0.616314708719561,0.262776924761525,-2.34539128303932,0.0190071208307772,0.827410268440049
"176","isogroup00890_Past",4.42415977706078,1.4622981574392,0.624154530204687,2.3428463412092,0.0191372628656371,0.827410268440049
"177","isogroup00631_Past",9.62905785280246,0.861149934171128,0.368056901914537,2.33971956426207,0.0192982244233107,0.827410268440049
"178","isogroup12767_Past",4.03334274573332,-1.03741882982465,0.443852794882698,-2.33730381285269,0.0194233924358955,0.827410268440049
"179","isogroup05976_Past",26.6600772988491,0.613540608094926,0.262525246309874,2.3370727833571,0.0194353999121354,0.827410268440049
"180","isogroup01681_Past",9.01103298457426,1.01200220155031,0.433311040363359,2.33550984692585,0.0195168021044395,0.827410268440049
"181","isogroup13354_Past",14.7190153237878,0.601824166719044,0.257921853265808,2.33335857004261,0.0196293337878745,0.827410268440049
"182","isogroup22326_Past",3.40343516530686,-1.14588952983682,0.491295938923866,-2.33238144069901,0.0196806335761466,0.827410268440049
"183","isogroup13246_Past",9.58732110337717,-0.738517466768334,0.316869117487232,-2.33067038095971,0.0197707471530388,0.827410268440049
"184","isogroup08796_Past",24928.5892306743,-0.899949098469382,0.386243733287184,-2.33000310661414,0.0198059869251358,0.827410268440049
"185","isogroup00368_Past",5.11840037362443,0.93005210446368,0.399473825548454,2.32819285014925,0.0199018656742003,0.827410268440049
"186","isogroup25173_Past",3.53639842602913,-1.24523885719637,0.535438563064323,-2.32564283392263,0.0200376124928471,0.827410268440049
"187","isogroup08247_Past",15.9322160108888,0.621550709002956,0.268006908344419,2.31915928153685,0.0203864013875862,0.827410268440049
"188","isogroup10023_Past",5.53452335028089,0.965704426348372,0.417393585195104,2.31365421176027,0.0206866974240718,0.827410268440049
"189","isogroup02569_Past",12.0351207933516,0.747649104776987,0.323459813104461,2.31141265309374,0.0208100727149835,0.827410268440049
"190","isogroup10975_Past",5.40790784031945,-1.0796076157506,0.467303558682356,-2.31029187707183,0.0208720003409492,0.827410268440049
"191","isogroup00369_Past",8.67300070717257,-0.746301462118187,0.323423951014092,-2.30750214935588,0.0210268425543204,0.827410268440049
"192","isogroup01154_Past",15.6361103289262,1.20204741768589,0.522243813078645,2.30169776564662,0.0213522222973249,0.827410268440049
"193","GE907089_Past",10.9340463098826,1.03435078393182,0.449798865892481,2.29958513096623,0.0214717352815539,0.827410268440049
"194","isogroup06581_Past",6.75355546019667,1.51666959369733,0.660069423170098,2.29774254110009,0.0215764467800086,0.827410268440049
"195","isogroup00674_Past",7.45751361615837,0.91298837809924,0.397422969916776,2.29727128829626,0.0216032986204501,0.827410268440049
"196","GE913205_Past",4.0581773208649,0.973750970249661,0.424056284202897,2.29627765587776,0.0216600108384983,0.827410268440049
"197","isogroup01987_Past",16.7462523177916,0.886363534552219,0.386710324761095,2.2920606919399,0.0219021412348683,0.827410268440049
"198","isogroup12943_Past",2.79377205388499,-1.23272608711093,0.537948624429334,-2.29153125620244,0.0219327062511677,0.827410268440049
"199","isogroup06316_Past",5.87281614240226,0.864487740659463,0.377380183938719,2.29076082277771,0.0219772506719479,0.827410268440049
"200","GCKDGN101BFIZT_Past",13.2014795030685,-0.593132284525123,0.259397898221241,-2.28657320892878,0.0222207464862799,0.827410268440049
"201","isogroup19176_Past",9.26877426688036,-0.885485329477477,0.387660233648057,-2.28417890879511,0.0223610185765273,0.827410268440049
"202","isogroup07024_Past",4.06608830051477,-0.946627118586459,0.41474300159715,-2.28244265711792,0.0224632193218852,0.827410268440049
"203","isogroup02778_Past",4.78918112977679,-0.839714951669386,0.368454029411996,-2.27902230573909,0.0226657393805339,0.827410268440049
"204","isogroup06734_Past",6.76612114621906,1.06040234845718,0.465794384484872,2.27654601209907,0.022813349962251,0.827410268440049
"205","isogroup07298_Past",3.18796700447348,0.943691069549112,0.414981771967671,2.27405426767186,0.0229627238806788,0.827410268440049
"206","isogroup01788_Past",11.2068285036802,0.811418936926004,0.357176819148642,2.27175699380515,0.0231011917050896,0.827410268440049
"207","GCKDGN102D8727_Past",6.29676157485506,0.772390381592417,0.340000078716207,2.27173589049996,0.0231024670572837,0.827410268440049
"208","isogroup09166_Past",4.54458742645683,-1.24987390557745,0.550240275513636,-2.27150566979256,0.0231163841338814,0.827410268440049
"209","isogroup04139_Past",2.61267360111396,1.14536420956995,0.504664164879798,2.26955724078954,0.0232344604836654,0.827410268440049
"210","isogroup06006_Past",11.4069896450235,0.729914272794087,0.322121917584499,2.26595656162582,0.0234540429728851,0.827410268440049
"211","isogroup16297_Past",3.22111114132107,1.12738765789729,0.497591937545699,2.26568714810366,0.0234705449760452,0.827410268440049
"212","isogroup05409_Past",9.21898179808635,-0.880093225564392,0.388466073343524,-2.26556007321164,0.0234783320104217,0.827410268440049
"213","isogroup01165_Past",9.02450312351954,0.610954978768695,0.269684866644106,2.26544035032916,0.0234856705716437,0.827410268440049
"214","GE913235_Past",6.22494025878033,1.88306150262159,0.831617465759061,2.2643361643479,0.023553446908626,0.827410268440049
"215","isogroup01554_Past",18.7510010948226,0.65586732894391,0.289676580461285,2.26413653426693,0.0235657185569843,0.827410268440049
"216","isogroup15846_Past",6.49166219667194,0.847328609569636,0.374296407361898,2.26379038885718,0.0235870099378471,0.827410268440049
"217","isogroup04849_Past",5.69788213255154,0.848085581037044,0.374981085582653,2.26167562483658,0.02371745179599,0.827410268440049
"218","isogroup09280_Past",3.69502295977517,-0.927606762032428,0.410396452937003,-2.26026993019557,0.023804503035187,0.827410268440049
"219","isogroup08288_Past",3.18610859411385,1.14123757029419,0.505218114750566,2.25890073410697,0.0238895603296029,0.827410268440049
"220","isogroup01515_Past",8.46694227614983,-1.05939727246554,0.469041736890382,-2.25864179910524,0.0239056755132789,0.827410268440049
"221","isogroup16419_Past",14.0263412544661,-0.743695441583529,0.329395445403721,-2.25775872727088,0.0239607056577367,0.827410268440049
"222","isogroup00157_Past",15.02250862511,0.564041832904144,0.249829311513847,2.25770879119955,0.0239638207893345,0.827410268440049
"223","isogroup05990_Past",7.71051733402811,0.800877261325155,0.354823599918848,2.25711384898954,0.0240009617361413,0.827410268440049
"224","isogroup13899_Past",3.57793641532745,-0.984848582749152,0.436655182629052,-2.2554377502621,0.0241058654658962,0.827410268440049
"225","isogroup05733_Past",8.94180708383263,-0.683020932177061,0.303133257518286,-2.25320355070528,0.0242463176355796,0.827410268440049
"226","isogroup07965_Past",5.06030786250205,1.25050494491232,0.555046427183066,2.25297359584639,0.0242608138511587,0.827410268440049
"227","isogroup01321_Past",13.2856068123769,-0.622848869891771,0.276865316973766,-2.24964570029834,0.0244714449748571,0.827410268440049
"228","isogroup09544_Past",5.20118198232314,0.933465651929625,0.415064446970409,2.24896557328162,0.0245146864614305,0.827410268440049
"229","isogroup03717_Past",6.11902764930918,0.803156278684242,0.357305360689464,2.24781480225893,0.0245880015990925,0.827410268440049
"230","isogroup03740_Past",8.84724742505842,0.607996265724228,0.27078705129923,2.24529298135592,0.0247493303195558,0.827410268440049
"231","GE913042_Past",19.390843164764,0.536550096845058,0.239062608994459,2.24439153869309,0.0248072204456691,0.827410268440049
"232","isogroup15547_Past",4.0481490236459,0.881825041098398,0.392991397196106,2.24387873981465,0.0248402043979418,0.827410268440049
"233","isogroup21124_Past",7.13102338297667,-0.66347418138851,0.295684422144742,-2.24385910010413,0.0248414684068536,0.827410268440049
"234","isogroup15950_Past",4.43731900846249,0.985472940652821,0.439255569121232,2.24350699212384,0.024864139478914,0.827410268440049
"235","isogroup10057_Past",2.93355682846582,-1.16925209728225,0.521458924840678,-2.24227075534184,0.0249438786418855,0.827410268440049
"236","isogroup04328_Past",3.55244600244932,-1.15193684983706,0.513769561465114,-2.24212747550105,0.0249531347147383,0.827410268440049
"237","isogroup03935_Past",7.56888404002438,1.16468864207637,0.520348769639787,2.23828460838415,0.0252025011835673,0.827410268440049
"238","isogroup02848_Past",10.9784615463247,0.670028528905847,0.299366027743946,2.23815819702473,0.0252107406243281,0.827410268440049
"239","isogroup00151_Past",4.03940190930284,1.14076688462245,0.50969986073168,2.23811496237191,0.0252135591763774,0.827410268440049
"240","isogroup06900_Past",3.48856628961914,0.956893508812264,0.427729531648133,2.23714622912556,0.0252767843632954,0.827410268440049
"241","isogroup03229_Past",3.8757730153827,1.06782827280364,0.47743282305429,2.23660423255443,0.0253122180500993,0.827410268440049
"242","isogroup01865_Past",3.63160952185808,-1.14560931251208,0.512255008926252,-2.23640431533001,0.0253252987306337,0.827410268440049
"243","isogroup23723_Past",7.45930200509216,-0.945636043398996,0.423339555981395,-2.2337530949755,0.0254993233417751,0.827410268440049
"244","isogroup02661_Past",9.41940483556133,0.725814845185721,0.325245306199011,2.23159206713227,0.0256419364228605,0.827410268440049
"245","isogroup03472_Past",3.37959301448262,2.2774863062458,1.02080332658897,2.23107257482796,0.0256763220522074,0.827410268440049
"246","isogroup05648_Past",33.8723238551657,0.717197439699503,0.321606101140887,2.23004923462356,0.0257441744762587,0.827410268440049
"247","isogroup03983_Past",6.9675968329802,0.702162492492781,0.315106516698618,2.22833377059086,0.0258582659642086,0.827410268440049
"248","isogroup10476_Past",4.23743992825411,-1.20477610296155,0.541032302958864,-2.22680992682456,0.0259599796714966,0.827410268440049
"249","isogroup06833_Past",4.29000619007878,1.20187121445389,0.540672376093796,2.22291958604778,0.0262212228213137,0.827410268440049
"250","isogroup16487_Past",3.50925621802447,2.55034666677092,1.14733114043367,2.22285143050064,0.0262258197628891,0.827410268440049
"251","isogroup04242_Past",6.23791787968117,1.08117683897518,0.487220178149994,2.2190723772576,0.0264818009338121,0.827410268440049
"252","isogroup04464_Past",3.14907198120217,-1.07139225472125,0.483772470259342,-2.21466147949034,0.0267833087242344,0.827410268440049
"253","isogroup10838_Past",4.35333127390379,1.00936265525366,0.456046300916766,2.21328986382433,0.0268776679885641,0.827410268440049
"254","isogroup16883_Past",4.56011854649392,-1.12216789627831,0.507015399716399,-2.21328168119942,0.0268782317662291,0.827410268440049
"255","isogroup10916_Past",10.3906906862246,0.624936604818094,0.282648588618205,2.21100203568412,0.0270356960910638,0.827410268440049
"256","isogroup02157_Past",9.62709889452179,0.716061635214208,0.323906653123075,2.21070369598776,0.0270563624296736,0.827410268440049
"257","isogroup03577_Past",4.77006905895038,-1.10326941769534,0.499572450140119,-2.20842726092262,0.027214503204175,0.827410268440049
"258","isogroup00005_Past",37.0681777674126,0.583232816613842,0.264157267716441,2.20789994405875,0.0272512487520533,0.827410268440049
"259","isogroup01590_Past",9.13131261668575,-1.15039846073163,0.521311197534885,-2.20674036194023,0.0273322036927286,0.827410268440049
"260","isogroup27463_Past",4.64782553771722,1.16979934429344,0.530191410993928,2.20637173676667,0.0273579822802872,0.827410268440049
"261","isogroup29215_Past",6.30307567676984,0.860897721649615,0.390250546382142,2.20601285412834,0.0273830997062864,0.827410268440049
"262","isogroup01792_Past",10.2327985195951,0.971893630156088,0.440676606863119,2.20545773254075,0.0274219906638936,0.827410268440049
"263","isogroup08651_Past",3.25483848407451,0.936691621334797,0.424954573711358,2.20421588395711,0.0275091652253295,0.827410268440049
"264","isogroup08162_Past",17.2058788889854,-0.922794302491427,0.418803541815085,-2.20340615671983,0.027566134648762,0.827410268440049
"265","isogroup10777_Past",4.95537615147072,0.757518107437195,0.344006271421668,2.20204737636501,0.0276619620929853,0.827410268440049
"266","isogroup18956_Past",6.74216502034057,-0.893241131288183,0.406114292753443,-2.19948213403679,0.0278436581319626,0.827410268440049
"267","GE907875_Past",2.61065525923713,1.02171007911426,0.464799779688356,2.19817246858273,0.027936817827415,0.827410268440049
"268","isogroup02113_Past",8.76428977904689,0.884526918537237,0.402476770149924,2.19770924470435,0.0279698323371171,0.827410268440049
"269","isogroup03059_Past",7.7649764733049,0.888895159068131,0.404604619509657,2.19694762789755,0.0280241867694761,0.827410268440049
"270","isogroup11337_Past",7.25017590358105,0.741684881419386,0.337611833147614,2.19685688888487,0.0280306686214994,0.827410268440049
"271","isogroup02404_Past",2.67458946892685,-1.13635713194779,0.517596794182695,-2.1954485513036,0.0281314376292653,0.827410268440049
"272","isogroup09666_Past",4.9452606537118,1.27882772459497,0.582716888921203,2.19459526385531,0.0281926435942377,0.827410268440049
"273","isogroup15762_Past",3.85488770744846,1.12362051763695,0.512034452338873,2.19442366134637,0.0282049664233702,0.827410268440049
"274","isogroup02488_Past",12.4580212411468,-0.78706392145591,0.358682808973039,-2.19431737949579,0.0282126008832363,0.827410268440049
"275","isogroup02032_Past",18.637450871748,-0.575281894000557,0.26241486023456,-2.19226111465769,0.0283606578171792,0.827410268440049
"276","isogroup06072_Past",2.93943218481543,1.58167670073856,0.721965601511508,2.19079232781611,0.028466824078194,0.827410268440049
"277","isogroup00415_Past",7.94510371076974,-0.804012696396158,0.367023514716997,-2.190629930118,0.028478583435377,0.827410268440049
"278","isogroup08455_Past",3.33914235245578,1.56806561519492,0.716586510988119,2.18824327719018,0.0286518862506701,0.827410268440049
"279","isogroup03524_Past",4.53351062436334,1.34805283018395,0.617525592978329,2.18299102986532,0.0290364706017827,0.827410268440049
"280","isogroup24515_Past",2.71139671809161,-1.06960202083446,0.490129190213641,-2.1822858996997,0.029088439000102,0.827410268440049
"281","isogroup01207_Past",3.90618876899812,0.812324619203251,0.372328956520686,2.18173903742058,0.0291287980834584,0.827410268440049
"282","isogroup02288_Past",17.4593987476297,0.802662496235609,0.367958997579107,2.18139113737271,0.0291544985917812,0.827410268440049
"283","GE911306_Past",11.4473713534707,0.573689078372507,0.263074101742122,2.18071286596985,0.0292046608195914,0.827410268440049
"284","isogroup04779_Past",6.16439447487183,1.16426310002325,0.534058890488887,2.18002756017687,0.0292554186926246,0.827410268440049
"285","isogroup28005_Past",7.67198642542598,0.679166183186998,0.311711397181937,2.17883012724937,0.0293442899828942,0.827410268440049
"286","isogroup07128_Past",6.67606425832071,-1.19884006197331,0.55061557698101,-2.17727233317022,0.0294602541794298,0.827410268440049
"287","isogroup02028_Past",4.48775916947242,0.814606467228327,0.374240191494787,2.17669423472298,0.0295033887496223,0.827410268440049
"288","isogroup06943_Past",5.89648288353633,-0.738639731589548,0.339390452620335,-2.176371568165,0.0295274879916725,0.827410268440049
"289","isogroup17492_Past",3.16717375965045,1.27167436651728,0.585164684784901,2.17319055572318,0.029765978303728,0.827410268440049
"290","isogroup02266_Past",51.1058326071858,0.471684022294815,0.217162632239343,2.17203124419193,0.0298533063255788,0.827410268440049
"291","GCKDGN102D4W05_Past",12.4642179052735,1.33907392047569,0.616769960874287,2.17110755293192,0.0299230432426815,0.827410268440049
"292","isogroup27120_Past",5.32505185924472,0.700037094382568,0.322487461458222,2.17074205371317,0.0299506763766521,0.827410268440049
"293","isogroup02270_Past",6.72821217132273,1.04142411192276,0.480099140137487,2.16918553868795,0.03006860059802,0.827410268440049
"294","isogroup03123_Past",3.31042904885928,0.972720704180823,0.448818801531731,2.16729045410112,0.0302127139202591,0.827410268440049
"295","GCKDGN103HEJ3E_Past",4.58037680176494,1.26435429285709,0.583396038327146,2.16723153705766,0.0302172038136049,0.827410268440049
"296","isogroup09832_Past",2.63507925147534,-1.08039488344739,0.498961033828476,-2.16528909112929,0.0303655532576937,0.827410268440049
"297","isogroup01047_Past",5.55282481216464,-0.811375040292317,0.374881814723761,-2.16434889190396,0.0304375830593138,0.827410268440049
"298","isogroup26234_Past",3.84584707690555,-1.00656284138841,0.465141624845078,-2.1639921856567,0.0304649491371901,0.827410268440049
"299","isogroup29254_Past",2.773704581774,-1.12761313136655,0.521146761719006,-2.1637151263247,0.0304862193793684,0.827410268440049
"300","isogroup19207_Past",6.31462873160096,-2.01723914042931,0.933767746444947,-2.16032214446191,0.0307477398440467,0.828137241626044
"301","isogroup10720_Past",6.51724792355809,1.18875693546083,0.550502930290875,2.15940164902068,0.0308190200817842,0.828137241626044
"302","isogroup03568_Past",2.95552995387469,0.973985017320865,0.451044300076454,2.15939990186279,0.0308191555109138,0.828137241626044
"303","GCKDGN101ATM7W_Past",2.51766001831707,-1.08480883128273,0.503077912719476,-2.15634358785224,0.0310568460885836,0.831769986827908
"304","isogroup01898_Past",12.7598401830488,0.726798219484904,0.337387435806015,2.15419468051201,0.0312249078612784,0.833182545637028
"305","isogroup07992_Past",7.58573597923282,1.07857061045173,0.500998112176698,2.15284366195641,0.0313309673961467,0.833182545637028
"306","isogroup02666_Past",12.2826306766796,0.855296283485084,0.397664656842206,2.15079783623936,0.0314921599719067,0.833182545637028
"307","isogroup01657_Past",6.3249068780379,0.979699182494944,0.455835939389617,2.14923637615498,0.031615667097429,0.833182545637028
"308","isogroup20358_Past",7.34888544848463,0.711291629803428,0.331432875618426,2.14611066713348,0.0318641504280975,0.833182545637028
"309","isogroup09200_Past",48.2524412340478,0.436760632982412,0.20364659816284,2.14469888975591,0.0319769297330925,0.833182545637028
"310","isogroup09093_Past",7.39787520516829,0.601717818052407,0.280642324117927,2.14407367079658,0.0320269843310971,0.833182545637028
"311","isogroup11664_Past",2.89936215836569,0.91761966609906,0.42819782114347,2.14298069908115,0.0321146482184589,0.833182545637028
"312","isogroup03289_Past",4.99018136208635,0.856291188100724,0.399824550401115,2.14166735694861,0.0322202592887768,0.833182545637028
"313","isogroup04049_Past",3.61505942566485,-0.933902201107844,0.437154908921604,-2.13631868714832,0.0326534467232719,0.833182545637028
"314","isogroup03698_Past",13.4693455163618,0.613764800466837,0.287405986346274,2.13553241625023,0.0327175452349575,0.833182545637028
"315","isogroup05904_Past",2.50782981088873,-1.01279760363694,0.474365565457814,-2.13505717401616,0.032756340235654,0.833182545637028
"316","isogroup06850_Past",4.90862177501619,0.749995565690884,0.351351251875648,2.13460336824508,0.032793422092793,0.833182545637028
"317","isogroup05680_Past",2.50871495167483,-0.964112358927181,0.451731997198093,-2.13425740241376,0.0328217161601026,0.833182545637028
"318","isogroup04252_Past",6.323916918204,-0.939105907650565,0.440046494143511,-2.13410610048923,0.0328340966286947,0.833182545637028
"319","GCKDGN101A44VH_Past",4.73983648982997,0.950029264697956,0.445501683224481,2.13249309816693,0.0329663312739307,0.833182545637028
"320","isogroup05123_Past",2.89240442258675,-1.15474554443375,0.54152214544932,-2.1324068722538,0.0329734129309855,0.833182545637028
"321","isogroup15633_Past",2.75123493531271,0.958740267351818,0.450146113647924,2.12984237402899,0.0331846290041229,0.833182545637028
"322","GCKDGN101A9IW7_Past",2.6900283709121,1.04831213553337,0.492313980210196,2.12935682851376,0.0332247493860928,0.833182545637028
"323","isogroup02910_Past",4.94782937033361,-0.934585460253975,0.439008936542354,-2.12885292863238,0.0332664302653667,0.833182545637028
"324","isogroup15502_Past",2.83713243680698,-1.02102425803457,0.480048666341546,-2.12691822647025,0.033426878177392,0.833182545637028
"325","isogroup22300_Past",7636.97387035369,-0.875635630673907,0.411896768413171,-2.12586186108545,0.0335147633332161,0.833182545637028
"326","GCKDGN103GENRL_Past",11.5592731196821,1.04280448220063,0.490889724466472,2.12431515720565,0.0336437991258888,0.833182545637028
"327","isogroup16782_Past",4.65450197554975,0.965898126415785,0.454762414752428,2.1239620845571,0.03367331416885,0.833182545637028
"328","isogroup20291_Past",4.22208341765402,1.01800544552944,0.479320291035931,2.12385218103176,0.0336825060520457,0.833182545637028
"329","isogroup02109_Past",31.2933538949483,1.2256987808241,0.577750262736783,2.12150276664178,0.0338795153656911,0.833182545637028
"330","isogroup09864_Past",41.1191811600977,-1.84960987511673,0.87218092607927,-2.12067223647198,0.033949394486864,0.833182545637028
"331","isogroup02833_Past",3.28909577328456,-1.03186508888313,0.486845283639362,-2.11949283182849,0.0340488389098171,0.833182545637028
"332","isogroup02685_Past",118.346098826176,1.17747073053957,0.555662303251402,2.11904015019503,0.0340870739558217,0.833182545637028
"333","isogroup27683_Past",3.80737243308686,0.909145650019403,0.429538950706501,2.11656160290947,0.0342970717776952,0.833632398497337
"334","isogroup12820_Past",2.29529689912855,1.05921057529278,0.50047786155655,2.11639845966112,0.0343109329757376,0.833632398497337
"335","isogroup15650_Past",4.28742894449457,0.782662466930916,0.370767239199651,2.11092670598512,0.0347786122076732,0.840092817366578
"336","isogroup21690_Past",6.08035032829249,1.02560475338852,0.485869320611365,2.1108654320837,0.0347838800536254,0.840092817366578
"337","isogroup08423_Past",6.28834343017306,0.747865739995394,0.354732710214272,2.10825141990333,0.0350092476446916,0.842413748374425
"338","isogroup01616_Past",70.1456698096035,0.683145872897168,0.324173564833392,2.10734602387542,0.0350875966667351,0.842413748374425
"339","isogroup03417_Past",4.25583311453961,-1.02829407959936,0.488890694956136,-2.10332102903211,0.0354377164186194,0.84830993727757
"340","isogroup02658_Past",9.59435623388698,0.577907299854234,0.27525956650069,2.09949941867974,0.0357728990101097,0.852124101552374
"341","isogroup14044_Past",2.32621402611268,1.01421490997253,0.483458500984567,2.09783240527795,0.0359199528325297,0.852124101552374
"342","isogroup01888_Past",10.2900563620651,0.573036055657001,0.27319921306969,2.0975025850855,0.0359491085734409,0.852124101552374
"343","isogroup20021_Past",31.979593682939,0.463998304506324,0.221464867800499,2.09513278162162,0.0361591905524893,0.852124101552374
"344","isogroup04762_Past",2.87428273462925,-1.49490000461011,0.713671606994516,-2.09466089159071,0.0362011480974962,0.852124101552374
"345","isogroup02307_Past",18.4023673385534,0.424975648031345,0.20294167836138,2.09407772451052,0.036253057037426,0.852124101552374
"346","isogroup12701_Past",3.93137212054517,1.05756769672752,0.505241813009455,2.09319116014597,0.0363320935473963,0.852124101552374
"347","isogroup04556_Past",20.2553824979973,-0.623300302283339,0.298011920791619,-2.0915280859492,0.0364807514536364,0.853144951141957
"348","isogroup13073_Past",4.24893508399403,1.29235570834991,0.618381160714569,2.0899014886814,0.0366266498412375,0.854095584659891
"349","GE911501_Past",125.719461271645,1.12782819459442,0.540025562079983,2.08847186835088,0.0367552904618608,0.85463949025215
"350","isogroup05312_Past",2.55903290120526,-1.08226075112898,0.518513338406425,-2.0872380148506,0.0368666247421523,0.854779027950188
"351","isogroup01894_Past",11.21882160938,0.589650041059821,0.28283255198504,2.08480260465567,0.0370872222012204,0.857443897900011
"352","isogroup03674_Past",2.28646193786291,-1.0474225335117,0.503085908499631,-2.08199537259047,0.0373428923974763,0.859433978942867
"353","isogroup02471_Past",3.06150492008164,-1.21940838292873,0.586149497615206,-2.08037094272022,0.0374915223281755,0.859433978942867
"354","isogroup00873_Past",8.02113028297447,0.711356445272714,0.342000751460048,2.07998503581011,0.0375269054389437,0.859433978942867
"355","isogroup05098_Past",3.17401035155855,-0.919092532623678,0.442036694332545,-2.07922225554479,0.0375969269901069,0.859433978942867
"356","isogroup02366_Past",23.4790499834058,0.68771938613716,0.331436003323564,2.07496886047644,0.0379894208720868,0.864139011992886
"357","isogroup06187_Past",12.8637368490898,0.543472750999672,0.262063649469513,2.0738196697627,0.0380960616842716,0.864139011992886
"358","GE912653_Past",7.28185378674286,0.728912627497871,0.351530830354258,2.07353826338163,0.0381222139609924,0.864139011992886
"359","isogroup06557_Past",4.81550231083031,-0.733640969569164,0.354843800313335,-2.06750398040305,0.0386866895235857,0.867038240434493
"360","isogroup02013_Past",9.69761024004195,0.776943411100868,0.376142090447626,2.06555828457344,0.0388702067697384,0.867038240434493
"361","isogroup22127_Past",3.83636516441711,0.8295452904762,0.403289013293154,2.05694988738311,0.0396910465170485,0.867038240434493
"362","isogroup15748_Past",3.29821352902653,0.803901387963173,0.390900697764793,2.05653607824176,0.0397308724259548,0.867038240434493
"363","GCKDGN103GKK18_Past",16.6528157977385,-0.687939577478489,0.334517870742307,-2.05651069089949,0.0397333168637248,0.867038240434493
"364","isogroup01374_Past",7.52558842082018,0.58753389496746,0.285843808977376,2.05543683828381,0.0398368304402609,0.867038240434493
"365","isogroup02576_Past",4.66031390181544,0.784136213125603,0.382112122045014,2.05211027833665,0.0401589462752408,0.867038240434493
"366","isogroup20916_Past",3.43987612917105,-1.08389954962787,0.528302640671138,-2.05166407695961,0.040202320204281,0.867038240434493
"367","isogroup03073_Past",8.47945934785268,0.643503318353819,0.313668046561333,2.05154246793191,0.0402141483493084,0.867038240434493
"368","isogroup01830_Past",5.65128461896589,-0.977329135889545,0.47647846131669,-2.05115071348412,0.0402522719101226,0.867038240434493
"369","isogroup09945_Past",8.86941607142283,-0.655113447160121,0.320053589732171,-2.04688673452573,0.04066920686906,0.867038240434493
"370","isogroup22838_Past",2.54953250086602,-1.1008118307029,0.53802430271545,-2.04602622065029,0.04075379097947,0.867038240434493
"371","isogroup08406_Past",2.89252346228152,-0.956429791832657,0.467617306049059,-2.04532590958538,0.0408227379761616,0.867038240434493
"372","isogroup01486_Past",4.7228470952545,-0.855807426244139,0.418855791663762,-2.04320303855591,0.0410323430868046,0.867038240434493
"373","isogroup15114_Past",6.38601329995329,0.740803193888161,0.362584389984019,2.04311937952103,0.0410406219380056,0.867038240434493
"374","isogroup06201_Past",8.08542912561909,0.742939714160687,0.363661814957134,2.04294122617262,0.0410582566093987,0.867038240434493
"375","isogroup12601_Past",2.95329414538692,0.968656976960557,0.474269340513301,2.04241955828766,0.0411099313063276,0.867038240434493
"376","isogroup01777_Past",6.07235497960036,-0.803710503533485,0.393615005517071,-2.04186957374172,0.0411644706123209,0.867038240434493
"377","isogroup00206_Past",9.85073416802604,0.667141300971525,0.326954712512499,2.04047005728973,0.0413035303853354,0.867038240434493
"378","isogroup01625_Past",16.7153026649434,-0.572661841852264,0.280749938039404,-2.03975767849284,0.0413744669629836,0.867038240434493
"379","isogroup19987_Past",8.42969627183931,-0.834751968702504,0.409489870670485,-2.03851677047764,0.0414982793238584,0.867038240434493
"380","isogroup03093_Past",23.6874661890486,-0.628299093324096,0.308322126031504,-2.03780085915695,0.0415698524265757,0.867038240434493
"381","isogroup08260_Past",914.779484891554,-0.767299418925042,0.376560942595404,-2.03765003783057,0.0415849440826883,0.867038240434493
"382","isogroup02568_Past",4.55183751957799,-0.834749845058151,0.409848294808003,-2.03672884731458,0.0416772220327648,0.867038240434493
"383","GCKDGN103FPIRG_Past",2.56810588127274,1.34688761640939,0.663397143049593,2.0302885391062,0.0423272185074621,0.867038240434493
"384","isogroup03832_Past",4.95966248207342,-0.771896121935423,0.380293635387434,-2.02973715599798,0.042383263929515,0.867038240434493
"385","isogroup07370_Past",7.2283350275759,0.667095823241912,0.328739830621422,2.02925158774004,0.0424326715585515,0.867038240434493
"386","isogroup06504_Past",3.43579074758887,-1.03293579325864,0.509143626536671,-2.02877093892924,0.0424816265926015,0.867038240434493
"387","isogroup02357_Past",17.1385261170446,-1.46268490349416,0.721452979173451,-2.02741543207698,0.0426199450411935,0.867038240434493
"388","isogroup01529_Past",58.2046709512986,1.36299787306358,0.672315882638375,2.02731767649867,0.0426299349088022,0.867038240434493
"389","isogroup12508_Past",2.81934344411541,-1.25133526149269,0.61788892676495,-2.0251783245967,0.0428490565406816,0.867038240434493
"390","isogroup05020_Past",3.0346773046759,-0.968532171888383,0.478703504239168,-2.02324019630424,0.0430483892940467,0.867038240434493
"391","isogroup13120_Past",9.2539760782109,0.845364845537172,0.417871081487489,2.02302787387904,0.0430702738019339,0.867038240434493
"392","isogroup00531_Past",8.53430648269999,-0.707385397124448,0.349793318096665,-2.02229533992689,0.0431458497752454,0.867038240434493
"393","isogroup25510_Past",7.83866858226181,-0.5894210097531,0.291846823883947,-2.01962454793575,0.0434223468800012,0.867038240434493
"394","GCKDGN101CF9NU_Past",4.32457106212698,-1.03865228921838,0.514322471337457,-2.01945733873428,0.0434397071032982,0.867038240434493
"395","isogroup10710_Past",16.2485956530464,0.473262504903213,0.234398342541478,2.01905226705887,0.043481787319936,0.867038240434493
"396","GE909565_Past",9.8137529533157,0.85022639239428,0.421117026903597,2.01897890153208,0.0434894124611808,0.867038240434493
"397","isogroup02897_Past",3.413591522637,-0.871666953065762,0.431818554711734,-2.01859541132422,0.0435292883544104,0.867038240434493
"398","isogroup03790_Past",4.92905492329412,1.27284385307177,0.630618995394894,2.01840392117385,0.0435492113490454,0.867038240434493
"399","isogroup02520_Past",6.87153084282847,-0.703325206776305,0.348531081347632,-2.01796982942475,0.0435944035919462,0.867038240434493
"400","isogroup02521_Past",9.18433839537639,0.813372494213801,0.40314766138499,2.01755478729433,0.0436376496608586,0.867038240434493
"401","isogroup05046_Past",8.04222307867937,0.609896402530464,0.302405386393465,2.01681725912421,0.0437145871509427,0.867038240434493
"402","isogroup08806_Past",11.6308606308892,1.53280212628195,0.760025065250941,2.01677838845467,0.043718645238778,0.867038240434493
"403","isogroup02905_Past",3.91683268726613,0.766623499773682,0.380215712001437,2.01628569145187,0.0437701102575959,0.867038240434493
"404","isogroup08161_Past",3.32022693976108,0.981464474904109,0.486797284744269,2.01616669949116,0.0437825473153859,0.867038240434493
"405","isogroup03331_Past",4.00890905417086,0.89125457191041,0.442130513633423,2.01581782850971,0.0438190285654535,0.867038240434493
"406","isogroup09181_Past",5.31572768556973,1.41760049276246,0.703451969148189,2.01520580641637,0.0438830893975912,0.867038240434493
"407","isogroup09645_Past",3.71072345918676,-0.966160281212609,0.4796311811775,-2.01438171480151,0.0439694726217252,0.867038240434493
"408","isogroup17563_Past",5.8900743950111,-0.781442334513399,0.388352086854326,-2.01220068325917,0.0441987865097133,0.867038240434493
"409","isogroup02621_Past",4.58053879756156,-0.938929595418446,0.467864383685298,-2.00684135864893,0.0447665575032753,0.867038240434493
"410","isogroup02269_Past",14.0561220115451,0.599810872230042,0.298927908914548,2.00654022037636,0.0447986420413121,0.867038240434493
"411","isogroup06566_Past",4.59065573878078,-0.782923684161938,0.390348464566594,-2.00570453128648,0.044887781481185,0.867038240434493
"412","isogroup00340_Past",28.5506339310586,-0.733702904694214,0.366454317103062,-2.00216744748532,0.0452667254582204,0.867038240434493
"413","isogroup07362_Past",244.458255167169,-0.677421433022286,0.33874844807157,-1.99977722961896,0.0455243244321018,0.867038240434493
"414","isogroup02158_Past",2.75266141652068,-0.990107888103938,0.495139886812127,-1.99965285462777,0.0455377623398452,0.867038240434493
"415","isogroup02107_Past",8.61747667201478,0.586956203582699,0.293594016370508,1.99921037505742,0.0455855964781593,0.867038240434493
"416","isogroup18489_Past",5.81995070052209,-0.657328608602142,0.328887782044946,-1.99864100914613,0.0456472099183614,0.867038240434493
"417","isogroup07278_Past",3.38374616853084,1.00951840991648,0.505941427225485,1.99532664374321,0.0460072658070353,0.867038240434493
"418","isogroup12732_Past",2.93454534585364,1.0695810798323,0.536163261463333,1.99487946435033,0.046056027762833,0.867038240434493
"419","isogroup02917_Past",17.3833514706761,0.703150639279297,0.352684017131357,1.99371279991236,0.0461834497527273,0.867038240434493
"420","isogroup02946_Past",3.3297265758596,-0.804633120168754,0.403738413803939,-1.99295655963887,0.0462662040789206,0.867038240434493
"421","isogroup16565_Past",2.87416079787404,-1.03039914576199,0.51725460514335,-1.992054078429,0.0463651247171752,0.867038240434493
"422","isogroup03525_Past",2.90823523508001,1.1486908366913,0.576961853641807,1.99093030057483,0.0464885504479937,0.867038240434493
"423","isogroup04083_Past",30.8897011818191,0.688776099320704,0.346178901675589,1.98965360392231,0.046629106885945,0.867038240434493
"424","isogroup12296_Past",24494.9001581943,-0.970275488986779,0.487830277685096,-1.98896118869668,0.0467054870141751,0.867038240434493
"425","isogroup23315_Past",11.8904083432599,0.505217219220704,0.254340916832437,1.98637806890327,0.0469913599297036,0.867038240434493
"426","isogroup04246_Past",4.95121455190319,-0.851868602623097,0.42905847641206,-1.98543706617039,0.0470958654991774,0.867038240434493
"427","isogroup01539_Past",12.292987153954,-0.701926027712992,0.353562053215136,-1.98529797338258,0.0471113293918908,0.867038240434493
"428","isogroup12106_Past",10.8714502805637,0.62703860672896,0.31670164925329,1.9799031934547,0.0477144075173208,0.867038240434493
"429","isogroup18072_Past",24.3000260438481,0.483340897603968,0.244142070825543,1.97975259229021,0.0477313357780048,0.867038240434493
"430","isogroup08023_Past",10.4304359764247,-0.736204421163703,0.372178874026378,-1.97809298845781,0.0479182174178708,0.867038240434493
"431","isogroup14875_Past",4.23476332762884,0.821819537833235,0.415873419531498,1.97612903166318,0.0481401650875295,0.867038240434493
"432","isogroup03105_Past",48.8395448463455,-0.519965051033465,0.263147657254189,-1.97594406296082,0.0481611129176682,0.867038240434493
"433","isogroup24497_Past",3.78671186502068,0.773956613472458,0.391862829877702,1.97507024004804,0.0482601775238564,0.867038240434493
"434","isogroup02274_Past",11.0737458063116,0.65341304107604,0.330831395070495,1.97506358469035,0.048260932692785,0.867038240434493
"435","isogroup05084_Past",4.57344012839128,0.684975479986491,0.346823630866136,1.97499656605254,0.0482685377047995,0.867038240434493
"436","isogroup11115_Past",22.7900323007853,0.723693034901046,0.366434855552013,1.97495686869319,0.0482730428800912,0.867038240434493
"437","isogroup03282_Past",5.97735050351926,-0.768862979149725,0.389356613633624,-1.97470121792566,0.0483020646461994,0.867038240434493
"438","isogroup24105_Past",2.83138601061635,-0.876383656968225,0.443844793869212,-1.97452728763215,0.0483218177875476,0.867038240434493
"439","isogroup07308_Past",4.36200448414929,0.911715270384993,0.461803966392552,1.97424737926568,0.0483536210307651,0.867038240434493
"440","isogroup09763_Past",4.14466628121318,-1.3247028902869,0.670995634271195,-1.97423473809295,0.0483550577381144,0.867038240434493
"441","isogroup08463_Past",4.5884062653293,0.812544487426389,0.411772948120645,1.97328282767212,0.0484633482807723,0.867038240434493
"442","isogroup04481_Past",4.29926049221855,-0.839265375897737,0.425370952290643,-1.97301995206361,0.0484932892095807,0.867038240434493
"443","isogroup03412_Past",6.62202027059593,-0.73822571467819,0.374481257618796,-1.97132887069523,0.048686271129134,0.867038240434493
"444","isogroup02214_Past",19.2252024777267,0.593244142446787,0.301031440758259,1.97070492355377,0.0487576370563336,0.867038240434493
"445","isogroup15659_Past",5.55093805754581,-0.947553446695163,0.481213863364262,-1.96909008412731,0.0489427473217664,0.867038240434493
"446","isogroup03177_Past",3.02885905628666,-1.18963719899469,0.604476126203605,-1.96804662322427,0.0490626734979415,0.867038240434493
"447","isogroup21956_Past",3.3127447978424,1.01693847858152,0.516864026928933,1.96751645616332,0.0491237006422115,0.867038240434493
"448","isogroup01789_Past",26.6538900455558,0.396328281523476,0.201478840092204,1.9670963032252,0.0491721093764079,0.867038240434493
"449","isogroup12628_Past",4.98045337512538,1.03407551100317,0.525971532684493,1.96602942696419,0.0492952115029154,0.867038240434493
"450","isogroup01129_Past",5.82748121743945,0.638240055611717,0.324660809269272,1.96586726019759,0.0493139458285166,0.867038240434493
"451","isogroup00017_Past",6.43291181592318,-0.935005042853592,0.475829540701714,-1.96499999027955,0.0494142386700581,0.867038240434493
"452","GCKDGN102EKNJ3_Past",4.97522860556126,-0.870928801137519,0.443260036656924,-1.96482590153194,0.0494343912521044,0.867038240434493
"453","isogroup04611_Past",6.30765616120443,0.667272493556995,0.339872670161311,1.96330141296825,0.0496111613778535,0.867038240434493
"454","isogroup12929_Past",14.856643273361,0.833867296307562,0.425181954342118,1.96120105237721,0.0498555741634682,0.867038240434493
"455","isogroup22564_Past",6.50042510887475,-0.901853965608563,0.45992433641136,-1.96087463569646,0.0498936488122419,0.867038240434493
"456","isogroup10389_Past",38.1219063722859,-0.880202120349674,0.448912359076847,-1.96074379007907,0.0499089180530446,0.867038240434493
